4,Kimbell,120,50000.000000
7,Kimberlee,60,33000.000000
12,Cordelie,325,50000.000000
13,Shel,120,50000.000000
17,Ernesta,60,37000.000000
18,Cirillo,88,50000.000000
22,Eugene,88,50000.000000
23,Johnny,325,33000.000000
24,Reagen,90,42000.000000
27,Anthea,90,42000.000000
28,Doro,120,33000.000000
29,Gaye,120,37000.000000
32,Katey,180,42000.000000
34,Redd,88,42000.000000
35,Jehanna,220,50000.000000
37,Stefa,88,42000.000000
42,Ame,88,50000.000000
44,Margarete,120,50000.000000
45,Nikoletta,120,50000.000000
46,Lonnard,75,50000.000000
50,Carroll,220,42000.000000
51,Marion,88,50000.000000
54,Julina,120,33000.000000
55,Corina,220,37000.000000
56,Bernardine,75,33000.000000
59,Celene,120,50000.000000
60,Kori,90,50000.000000
64,Gabbey,120,37000.000000
65,Star,90,33000.000000
66,Dominica,120,33000.000000
69,Paulita,120,50000.000000
70,Sayre,180,33000.000000
73,Cristi,88,42000.000000
76,Nananne,120,33000.000000
87,Joelle,90,37000.000000
92,Lonni,220,50000.000000
93,Nicky,180,42000.000000
95,Kyrstin,90,37000.000000
97,Marcellus,88,50000.000000
99,Aleda,90,50000.000000
104,Geneva,90,33000.000000
105,Kilian,120,42000.000000
109,Trixie,325,42000.000000
115,Harmon,220,50000.000000
117,Cherrita,180,33000.000000
119,Glenda,220,37000.000000
129,Vina,88,42000.000000
131,Tom,75,33000.000000
134,Stephenie,220,50000.000000
138,Brynn,75,50000.000000
139,Yankee,88,42000.000000
140,Corbin,120,42000.000000
144,Flora,90,33000.000000
147,Gustie,180,42000.000000
153,Byram,90,42000.000000
155,Osbert,120,42000.000000
156,Tanny,325,42000.000000
158,Clarie,60,42000.000000
160,Leonie,325,50000.000000
162,Ofella,90,50000.000000
165,Sib,60,33000.000000
166,Darleen,220,42000.000000
171,Clair,180,37000.000000
172,Addy,325,33000.000000
175,Lorant,88,50000.000000
178,Mellicent,75,50000.000000
181,Guillaume,60,37000.000000
184,Eric,60,50000.000000
186,Ian,75,42000.000000
187,Sebastien,75,37000.000000
188,Scarface,220,50000.000000
192,Farand,88,42000.000000
194,Philipa,325,42000.000000
198,Eleonora,120,42000.000000
207,Maddie,60,33000.000000
208,Weider,88,50000.000000
209,Asia,325,37000.000000
212,Thomasina,60,42000.000000
217,Dwight,220,42000.000000
218,Romola,88,50000.000000
219,Kaile,325,33000.000000
221,Aylmer,325,33000.000000
223,Enrico,325,50000.000000
224,Zonda,325,33000.000000
225,Adriano,220,33000.000000
230,Liana,60,33000.000000
239,Chet,325,42000.000000
240,Billie,75,37000.000000
241,Alexandra,75,42000.000000
242,Broddie,90,42000.000000
244,Cal,120,42000.000000
247,Dotty,180,42000.000000
250,Tiphani,88,42000.000000
259,Merrile,180,50000.000000
260,Tadd,60,50000.000000
264,Stephen,120,37000.000000
265,Blair,180,50000.000000
268,Channa,325,50000.000000
272,Duncan,60,37000.000000
274,Dyann,75,50000.000000
276,Dru,75,50000.000000
277,Kiel,75,50000.000000
279,Alberik,88,50000.000000
281,Rafaellle,180,50000.000000
285,Bartel,60,37000.000000
288,Dudley,90,42000.000000
292,Christiano,60,50000.000000
293,Russell,220,50000.000000
294,Cleo,120,50000.000000
295,Catriona,60,42000.000000
296,Leigh,90,37000.000000
299,Jody,180,33000.000000
304,Coleman,220,33000.000000
305,Jacinda,60,50000.000000
307,Renie,90,33000.000000
308,Davide,325,42000.000000
310,Brnaba,90,37000.000000
311,Tabor,120,37000.000000
312,Lenci,90,42000.000000
314,Charisse,180,50000.000000
316,Angelika,220,50000.000000
317,Web,90,37000.000000
322,Richard,90,42000.000000
323,Hilary,90,37000.000000
324,Ad,90,33000.000000
325,Maynord,220,42000.000000
328,Matias,60,33000.000000
329,Urbano,60,50000.000000
330,Rosemarie,220,33000.000000
336,Dominique,220,37000.000000
340,Melloney,325,33000.000000
341,Rafaello,180,37000.000000
345,Aldric,220,50000.000000
348,Jefferey,220,33000.000000
349,Cassie,88,50000.000000
352,Marieann,325,50000.000000
353,Carita,180,42000.000000
354,Kurtis,88,50000.000000
357,Nisse,220,37000.000000
358,Ula,75,50000.000000
361,Sinclair,60,50000.000000
362,Buddy,120,50000.000000
363,Neilla,180,50000.000000
367,Maryellen,120,37000.000000
368,Clywd,220,33000.000000
369,Deni,60,42000.000000
371,Franni,325,42000.000000
372,Andy,75,37000.000000
373,Veronica,75,42000.000000
374,Dalis,60,42000.000000
382,Alister,90,33000.000000
387,Juliann,90,50000.000000
389,Anna-maria,120,42000.000000
390,Ag,88,50000.000000
391,Sherwin,88,50000.000000
392,Vikki,88,33000.000000
397,Charil,88,33000.000000
399,Esdras,120,37000.000000
401,Vail,120,33000.000000
405,Amerigo,88,33000.000000
406,Fredric,325,50000.000000
407,Mikael,220,50000.000000
413,Clair,75,42000.000000
416,Dennie,75,42000.000000
424,Chuck,325,33000.000000
425,Jordan,90,33000.000000
427,Carine,180,33000.000000
428,Kelly,325,37000.000000
430,Pincus,88,42000.000000
434,Brietta,75,42000.000000
447,Guy,180,42000.000000
449,Julietta,220,42000.000000
452,Samara,88,50000.000000
454,Korella,325,33000.000000
458,Kassi,325,37000.000000
461,Anthia,60,37000.000000
466,Carlye,120,37000.000000
470,Rod,75,50000.000000
472,Saidee,325,50000.000000
475,Coletta,90,50000.000000
477,Mariele,60,33000.000000
480,Marissa,90,37000.000000
481,Lionello,60,37000.000000
482,Tori,120,42000.000000
483,Micheil,220,37000.000000
486,Bartholomew,120,33000.000000
488,Hedvige,220,37000.000000
490,Tamarah,88,50000.000000
492,Minny,90,33000.000000
493,Joshia,75,33000.000000
496,Conrado,220,50000.000000
499,Bibbie,60,37000.000000
502,Callie,220,50000.000000
505,Martguerita,90,50000.000000
507,Patrice,220,37000.000000
509,Cornie,180,42000.000000
513,Lorna,325,42000.000000
515,Torrey,325,42000.000000
516,Pernell,325,50000.000000
518,Erda,325,37000.000000
520,Coop,90,37000.000000
521,Sheridan,120,50000.000000
522,Charles,180,42000.000000
524,Janey,120,42000.000000
527,Eveline,325,37000.000000
530,Mort,90,42000.000000
531,Maxi,75,37000.000000
532,Nathalie,120,37000.000000
534,Bunnie,120,33000.000000
535,Frans,88,33000.000000
536,Delmar,325,42000.000000
546,Henrie,75,50000.000000
552,Delmore,180,33000.000000
553,Lynett,120,37000.000000
554,Lucais,90,42000.000000
555,Clarice,180,33000.000000
556,Aeriela,120,37000.000000
568,Modesta,120,33000.000000
569,Carter,88,33000.000000
571,Carma,220,33000.000000
574,Phillipe,88,37000.000000
575,Florida,180,37000.000000
580,Delaney,88,50000.000000
581,Tiphani,220,33000.000000
582,Grier,88,42000.000000
588,Lynnette,220,37000.000000
589,Hesther,180,33000.000000
591,Emlyn,325,50000.000000
592,Corabelle,220,37000.000000
594,Cyndia,88,33000.000000
595,Gray,120,42000.000000
598,Eachelle,180,37000.000000
603,Cahra,325,50000.000000
604,Arvin,220,50000.000000
606,Dedie,88,33000.000000
610,Sayre,90,33000.000000
615,Idalina,120,50000.000000
619,Lyndsay,180,42000.000000
620,Lissy,60,37000.000000
621,Odessa,120,50000.000000
625,Tonya,180,37000.000000
626,Menard,88,37000.000000
630,Lyndy,180,37000.000000
633,Shandra,120,50000.000000
639,Marylee,60,50000.000000
640,Wolfy,120,33000.000000
642,Elinor,60,33000.000000
643,Neron,180,42000.000000
646,Arlie,88,42000.000000
656,Filmer,90,50000.000000
658,Dorrie,120,42000.000000
662,Byrom,180,42000.000000
664,Natassia,325,42000.000000
671,Jacqueline,90,50000.000000
673,Lambert,325,42000.000000
674,Lamont,220,33000.000000
675,Immanuel,75,33000.000000
676,Nani,220,50000.000000
677,Galen,60,50000.000000
679,Tomi,60,50000.000000
682,Tally,75,42000.000000
684,Sly,60,42000.000000
686,Rosalyn,325,37000.000000
688,Xenos,88,37000.000000
689,Terrence,75,42000.000000
690,Krystyna,60,50000.000000
691,Krishna,325,50000.000000
694,Terrie,75,42000.000000
696,Erhard,75,33000.000000
698,Paddie,90,33000.000000
700,Abbot,90,33000.000000
701,Tedra,90,33000.000000
707,Petronille,75,42000.000000
709,Hagan,120,50000.000000
711,Cinda,120,42000.000000
715,Lucky,325,42000.000000
718,Fina,220,42000.000000
719,Kamila,88,42000.000000
720,Jennie,88,42000.000000
721,Riobard,180,42000.000000
723,Darlene,180,42000.000000
724,Zia,75,42000.000000
726,Jonathon,220,50000.000000
727,Rickie,220,42000.000000
728,Klara,180,50000.000000
729,Osbert,75,33000.000000
730,Emmet,90,37000.000000
731,Cassandry,60,33000.000000
733,Evvy,75,42000.000000
740,Chen,325,37000.000000
744,Melonie,90,33000.000000
748,Mitchael,90,33000.000000
752,Arch,180,33000.000000
753,Andrej,88,50000.000000
754,Amber,325,42000.000000
757,Kerianne,220,37000.000000
759,Nanete,90,37000.000000
761,Galvan,120,33000.000000
763,Davidson,75,37000.000000
765,Jenny,180,33000.000000
771,Portia,60,33000.000000
772,Alica,60,37000.000000
773,Juliana,180,50000.000000
777,Ree,90,42000.000000
779,Melva,120,42000.000000
781,Felike,75,33000.000000
784,Marianne,60,33000.000000
785,Francine,120,42000.000000
786,Edan,60,50000.000000
788,Adelaida,180,37000.000000
791,Ki,60,42000.000000
792,Jermayne,75,33000.000000
793,Grayce,325,33000.000000
794,Harv,325,42000.000000
796,Hersh,180,33000.000000
797,Diahann,88,33000.000000
798,Yelena,180,50000.000000
799,Emmaline,88,37000.000000
801,Janine,60,50000.000000
802,Sheilah,180,42000.000000
806,Almira,220,42000.000000
807,Wini,88,37000.000000
813,Agnes,88,42000.000000
815,Lefty,220,50000.000000
816,Michele,88,42000.000000
819,Roch,220,33000.000000
823,Tania,325,42000.000000
824,Mercie,90,42000.000000
830,Cale,60,50000.000000
831,Christina,60,37000.000000
837,Corrina,75,50000.000000
838,Hashim,88,50000.000000
843,Grant,220,33000.000000
845,Yardley,60,50000.000000
847,Estella,220,42000.000000
848,Rasia,60,37000.000000
850,Amanda,325,37000.000000
855,Vassili,120,33000.000000
857,Devlen,120,37000.000000
858,Ophelie,120,37000.000000
859,Abramo,325,37000.000000
860,Fair,60,37000.000000
862,Holden,180,50000.000000
863,Cherish,90,42000.000000
868,Trumaine,88,42000.000000
869,Malory,220,42000.000000
870,Pearla,220,33000.000000
871,Phelia,60,33000.000000
876,Cecil,75,37000.000000
883,Callida,88,33000.000000
887,Guillermo,75,42000.000000
889,Flo,325,42000.000000
891,Conant,75,37000.000000
894,Gabbie,220,42000.000000
900,Riccardo,90,42000.000000
901,Shaughn,180,50000.000000
905,Freda,60,42000.000000
906,Lynn,325,37000.000000
907,Tabb,325,50000.000000
909,Leo,88,42000.000000
910,Atlante,120,33000.000000
911,Maurie,180,50000.000000
916,Saunder,180,37000.000000
918,Alysia,325,37000.000000
920,Gretna,220,42000.000000
925,Wittie,90,37000.000000
930,Emory,325,37000.000000
934,Dorette,120,37000.000000
935,Jillane,90,37000.000000
936,Carolina,88,33000.000000
938,Arabel,180,50000.000000
939,Verina,75,37000.000000
944,Isabeau,88,37000.000000
952,Edwina,75,42000.000000
953,Lacey,75,50000.000000
954,Laetitia,90,33000.000000
958,Trista,75,50000.000000
960,Zitella,120,42000.000000
963,Arley,120,33000.000000
964,Ansley,75,37000.000000
967,Esme,120,37000.000000
969,Charlie,325,50000.000000
972,Sloan,325,42000.000000
975,Aleksandr,88,42000.000000
976,Arlina,325,33000.000000
979,Libbey,120,42000.000000
984,Pebrook,60,33000.000000
985,Erna,325,33000.000000
987,Mohammed,220,42000.000000
988,Dawn,180,37000.000000
991,Zaccaria,88,33000.000000
993,Angelia,60,50000.000000
996,Atalanta,90,37000.000000
